method,n,mean,sample_std,unit
baseline,4,0.415000000000,0.012909944487,paired_block
proposed,2,0.457500000000,0.003535533906,paired_block
